<?xml version="1.0" encoding="UTF-8"?>
<configuration>
  <include resource="org/springframework/boot/logging/logback/defaults.xml"/>

  <!-- Appender JSON to console  -->
  <appender name="CONSOLE" class="ch.qos.logback.core.ConsoleAppender">
    <filter class="ch.qos.logback.classic.filter.ThresholdFilter">
      <!-- Minimum logging level to be presented in the console logs-->
      <level>DEBUG</level>
    </filter>
    <encoder class="net.logstash.logback.encoder.LoggingEventCompositeJsonEncoder">
      <!--  <jsonGeneratorDecorator class="net.logstash.logback.decorate.PrettyPrintingJsonGeneratorDecorator"/>-->
      <providers>
        <timestamp>
          <timeZone>UTC</timeZone>
        </timestamp>
        <message/>
        <loggerName/>
        <threadName/>
        <logLevel/>
        <stackHash/>
        <mdc>
          <excludeMdcKeyName>traceId</excludeMdcKeyName>
          <excludeMdcKeyName>spanId</excludeMdcKeyName>
        </mdc>
        <logstashMarkers/>
        <arguments/>
        <pattern>
          <omitEmptyFields>false</omitEmptyFields>
          <pattern>
            {
            "trace": {
            "trace_id": "%mdc{traceId}",
            "span_id": "%mdc{spanId}"
            }
            }
          </pattern>
        </pattern>

        <stackTrace>
          <!--
            https://github.com/logstash/logstash-logback-encoder#customizing-stack-traces
          -->
          <throwableConverter class="net.logstash.logback.stacktrace.ShortenedThrowableConverter">
            <exclusions>
              \$SpringCGLIB$
            </exclusions>
            <omitCommonFrames>true</omitCommonFrames>
            <rootCauseFirst>true</rootCauseFirst>
            <inlineHash>true</inlineHash>
          </throwableConverter>
        </stackTrace>

      </providers>
    </encoder>
  </appender>

  <!-- Reduce Kafka verbose logging -->
  <logger name="io.confluent.kafka" level="WARN"/>
  <logger name="org.apache.kafka" level="WARN"/>
  <logger name="org.apache.kafka.clients.NetworkClient" level="ERROR"/>
  <logger name="org.apache.kafka.clients.producer.ProducerConfig" level="ERROR"/>
  <logger name="org.apache.kafka.clients.consumer.ConsumerConfig" level="ERROR"/>
  <logger name="org.springframework.kafka.listener.KafkaMessageListenerContainer" level="WARN"/>
  <logger name="software.amazon.awssdk.profiles.internal.ProfileFileReader" level="ERROR"/>

  <logger name="com.mm.enterprise.genericadaptersvio" level="DEBUG" additivity="false">
    <appender-ref ref="CONSOLE"/>
  </logger>

  <root level="INFO">
    <appender-ref ref="CONSOLE"/>
  </root>
</configuration>