{
	"info": {
		"_postman_id": "4ff462a3-9283-4824-8077-a1fd93aaf36c",
		"name": "GA SVIO",
		"schema": "https://schema.getpostman.com/json/collection/v2.1.0/collection.json"
	},
	"item": [
		{
			"name": "DEV - Start Job - disbursements",
			"request": {
				"auth": {
					"type": "noauth"
				},
				"method": "POST",
				"header": [],
				"body": {
					"mode": "raw",
					"raw": "{\n    \"bucketName\": \"svio-dev\",\n    \"bucketKey\": \"source/main/disbursements/<name of the file here>\",\n    \"bucketETag\": \"bddfac3cb425ce665df5239d51726347\",\n    \"bucketSize\": 34\n}",
					"options": {
						"raw": {
							"language": "json"
						}
					}
				},
				"url": {
					"raw": "https://generic-adapter-svio.inst.nsawsdev.massmutual.com/start/disbursementsChunkJob",
					"protocol": "https",
					"host": [
						"generic-adapter-svio",
						"inst",
						"nsawsdev",
						"massmutual",
						"com"
					],
					"path": [
						"start",
						"disbursementsChunkJob"
					]
				}
			},
			"response": []
		},
		{
			"name": "DEV - Start job - control",
			"request": {
				"auth": {
					"type": "bearer",
					"bearer": [
						{
							"key": "token",
							"value": "{{ga_svio_token}}",
							"type": "string"
						}
					]
				},
				"method": "POST",
				"header": [],
				"body": {
					"mode": "raw",
					"raw": "{\n    \"bucketName\": \"svio-dev\",\n    \"bucketKey\": \"source/main/controlfiles/CARSDIST20230524092350.ctrl\",\n    \"bucketETag\": \"463e1789e5c2ce8bf018e91ba92e3b8a\",\n    \"bucketSize\": 0\n}",
					"options": {
						"raw": {
							"language": "json"
						}
					}
				},
				"url": {
					"raw": "http://localhost:8080/start/controlChunkJob",
					"protocol": "http",
					"host": [
						"localhost"
					],
					"port": "8080",
					"path": [
						"start",
						"controlChunkJob"
					]
				}
			},
			"response": []
		},
		{
			"name": "DEV - Start job - done",
			"request": {
				"auth": {
					"type": "bearer",
					"bearer": [
						{
							"key": "token",
							"value": "{{ga_svio_token}}",
							"type": "string"
						}
					]
				},
				"method": "POST",
				"header": [],
				"body": {
					"mode": "raw",
					"raw": "{\n    \"bucketName\": \"svio-dev\",\n    \"bucketKey\": \"source/test/donevalid_12122023_15122105.txt\",\n    \"bucketETag\": \"745d000338bd0a03b000d5ee0b8222aa\",\n    \"bucketSize\": 10\n}",
					"options": {
						"raw": {
							"language": "json"
						}
					}
				},
				"url": {
					"raw": "https://generic-adapter-svio.inst.nsawsdev.massmutual.com/start/doneChunkJob",
					"protocol": "https",
					"host": [
						"generic-adapter-svio",
						"inst",
						"nsawsdev",
						"massmutual",
						"com"
					],
					"path": [
						"start",
						"doneChunkJob"
					]
				}
			},
			"response": []
		},
		{
			"name": "DEV - Start job - transactions",
			"request": {
				"auth": {
					"type": "bearer",
					"bearer": [
						{
							"key": "token",
							"value": "{{ga_svio_token}}",
							"type": "string"
						}
					]
				},
				"method": "POST",
				"header": [],
				"body": {
					"mode": "raw",
					"raw": "{\n    \"bucketName\": \"svio-dev\",\n    \"bucketKey\": \"source/main/transactions/CARSTR20230524092353.FIL\",\n    \"bucketETag\": \"3a41b5566480af7b78db33ef84f52f81\",\n    \"bucketSize\": 34\n}",
					"options": {
						"raw": {
							"language": "json"
						}
					}
				},
				"url": {
					"raw": "https://generic-adapter-svio.inst.nsawsdev.massmutual.com/start/transactionsChunkJob",
					"protocol": "https",
					"host": [
						"generic-adapter-svio",
						"inst",
						"nsawsdev",
						"massmutual",
						"com"
					],
					"path": [
						"start",
						"transactionsChunkJob"
					]
				}
			},
			"response": []
		}
	]
}